{"undp": {"by_component": {"Organisational planning and commitments": 21.247198261, "Finance and budgets": 34.722458767999996, "Project attributes": 12.981509445999997, "Joining-up development data": 12.888713478, "Performance": 11.417352546}, "score": 93.25723249899998, "name": "UNDP", "rank": 1, "slug": "undp"}, "us-mcc": {"by_component": {"Organisational planning and commitments": 20.422278, "Finance and budgets": 32.45969629199999, "Project attributes": 12.388000000000002, "Joining-up development data": 12.167798076999999, "Performance": 12.124}, "score": 89.56177236900004, "name": "U.S., MCC", "rank": 2, "slug": "us-mcc"}, "unicef": {"by_component": {"Organisational planning and commitments": 19.993869488, "Finance and budgets": 32.545789452, "Project attributes": 12.971155642999996, "Joining-up development data": 13.010114512, "Performance": 10.998764763}, "score": 89.51969385799997, "name": "UNICEF", "rank": 3, "slug": "unicef"}, "uk-dfid": {"by_component": {"Organisational planning and commitments": 22.090400000000002, "Finance and budgets": 30.177695364999998, "Project attributes": 12.824020086999997, "Joining-up development data": 12.201872137999999, "Performance": 11.037826215}, "score": 88.331813805, "name": "UK, DFID", "rank": 4, "slug": "uk-dfid"}, "global-fund": {"by_component": {"Organisational planning and commitments": 15.693966999999999, "Finance and budgets": 33.3466125, "Project attributes": 13.039999999999996, "Joining-up development data": 11.779938, "Performance": 12.99}, "score": 86.8505175, "name": "Global Fund", "rank": 5, "slug": "global-fund"}, "world-bank-ida": {"by_component": {"Organisational planning and commitments": 19.794893348000002, "Finance and budgets": 31.702042555, "Project attributes": 12.318517426000001, "Joining-up development data": 12.26577748, "Performance": 10.037648123}, "score": 86.118878932, "name": "World Bank, IDA", "rank": 6, "slug": "world-bank-ida"}, "iadb": {"by_component": {"Organisational planning and commitments": 19.059766999999997, "Finance and budgets": 30.882389318999994, "Project attributes": 11.987846457000002, "Joining-up development data": 11.929775559, "Performance": 11.756883786}, "score": 85.616662121, "name": "IADB", "rank": 7, "slug": "iadb"}, "asdb": {"by_component": {"Organisational planning and commitments": 20.955078, "Finance and budgets": 28.250203723000002, "Project attributes": 12.388000000000002, "Joining-up development data": 11.934567258999998, "Performance": 11.362540926000001}, "score": 84.890389908, "name": "AsDB", "rank": 8, "slug": "asdb"}, "sweden-mfa-sida": {"by_component": {"Organisational planning and commitments": 22.247742424000002, "Finance and budgets": 26.116154631, "Project attributes": 12.080060215999996, "Joining-up development data": 12.037526164, "Performance": 8.251943013}, "score": 80.73342644799999, "name": "Sweden, MFA-Sida", "rank": 9, "slug": "sweden-mfa-sida"}, "afdb": {"by_component": {"Organisational planning and commitments": 18.781295570999998, "Finance and budgets": 29.506719096, "Project attributes": 12.152541037000002, "Joining-up development data": 11.894958332999998, "Performance": 7.896455296}, "score": 80.23196933300002, "name": "AfDB", "rank": 10, "slug": "afdb"}, "gavi": {"by_component": {"Organisational planning and commitments": 20.427761333, "Finance and budgets": 30.098707421000004, "Project attributes": 9.78, "Joining-up development data": 9.764999999999999, "Performance": 7.958086983}, "score": 78.02955573700002, "name": "GAVI", "rank": 11, "slug": "gavi"}, "canada-dfatd": {"by_component": {"Organisational planning and commitments": 17.965692286, "Finance and budgets": 26.792077319, "Project attributes": 12.581906671999999, "Joining-up development data": 12.574760846, "Performance": 6.402658361}, "score": 76.31709548399999, "name": "Canada, DFATD", "rank": 12, "slug": "canada-dfatd"}, "ec-near": {"by_component": {"Organisational planning and commitments": 21.4116, "Finance and budgets": 23.080685583, "Project attributes": 12.789400552, "Joining-up development data": 12.236162515, "Performance": 4.592177993}, "score": 74.110026643, "name": "EC, NEAR", "rank": 13, "slug": "ec-near"}, "ec-echo": {"by_component": {"Organisational planning and commitments": 20.718577778000004, "Finance and budgets": 23.857876712, "Project attributes": 13.034847700999997, "Joining-up development data": 12.09, "Performance": 2.165}, "score": 71.866302191, "name": "EC, ECHO", "rank": 14, "slug": "ec-echo"}, "ec-devco": {"by_component": {"Organisational planning and commitments": 21.820257894999997, "Finance and budgets": 21.629797486, "Project attributes": 12.689972501, "Joining-up development data": 12.589328744, "Performance": 0.0}, "score": 68.729356626, "name": "EC, DEVCO", "rank": 15, "slug": "ec-devco"}, "netherlands-mfa": {"by_component": {"Organisational planning and commitments": 18.220356000000002, "Finance and budgets": 21.474958788000002, "Project attributes": 11.793887856, "Joining-up development data": 12.424544119, "Performance": 2.664308118}, "score": 66.578054881, "name": "Netherlands, MFA", "rank": 16, "slug": "netherlands-mfa"}, "denmark-mfa": {"by_component": {"Organisational planning and commitments": 16.703955999999998, "Finance and budgets": 24.383299835000006, "Project attributes": 10.567119193, "Joining-up development data": 10.808863882, "Performance": 2.200277728}, "score": 64.663516638, "name": "Denmark, MFA", "rank": 17, "slug": "denmark-mfa"}, "germany-bmz-giz": {"by_component": {"Organisational planning and commitments": 16.824768309999996, "Finance and budgets": 21.635000000000005, "Project attributes": 12.269745804000001, "Joining-up development data": 10.345492727, "Performance": 2.167688822}, "score": 63.242695663000006, "name": "Germany, BMZ-GIZ", "rank": 18, "slug": "germany-bmz-giz"}, "us-usaid": {"by_component": {"Organisational planning and commitments": 18.33870069, "Finance and budgets": 18.738679184000006, "Project attributes": 11.494815812000002, "Joining-up development data": 10.571458404, "Performance": 0.0}, "score": 59.143654090000005, "name": "U.S., USAID", "rank": 19, "slug": "us-usaid"}, "germany-bmz-kfw": {"by_component": {"Organisational planning and commitments": 15.714546309999998, "Finance and budgets": 19.465000000000003, "Project attributes": 12.007103627000001, "Joining-up development data": 9.638060786999999, "Performance": 2.168587077}, "score": 58.993297801000004, "name": "Germany, BMZ-KFW", "rank": 20, "slug": "germany-bmz-kfw"}, "us-treasury": {"by_component": {"Organisational planning and commitments": 16.582078, "Finance and budgets": 16.305815217000003, "Project attributes": 11.490373681000001, "Joining-up development data": 10.536235714, "Performance": 3.13925}, "score": 58.053752612000004, "name": "U.S., Treasury", "rank": 21, "slug": "us-treasury"}, "us-pepfar": {"by_component": {"Organisational planning and commitments": 15.01069869, "Finance and budgets": 18.616612500000002, "Project attributes": 12.314093967000002, "Joining-up development data": 11.680576752999999, "Performance": 0.0}, "score": 57.62198191000001, "name": "U.S., PEPFAR", "rank": 22, "slug": "us-pepfar"}, "us-state": {"by_component": {"Finance and budgets": 17.66320983, "Organisational planning and commitments": 18.34069869, "Project attributes": 7.521179869999999, "Joining-up development data": 10.329061304, "Performance": 0.0}, "score": 53.854149694000014, "name": "U.S., State", "rank": 23, "slug": "us-state"}, "eib": {"by_component": {"Organisational planning and commitments": 15.394267, "Finance and budgets": 16.939268293, "Project attributes": 12.354207316999997, "Joining-up development data": 8.834999999999999, "Performance": 0.0}, "score": 53.522742609999995, "name": "EIB", "rank": 24, "slug": "eib"}, "australia-dfat": {"by_component": {"Finance and budgets": 16.303117464000003, "Organisational planning and commitments": 13.443511333, "Project attributes": 10.687969503,